casilla_id,distrito_fed_17,distrito_fed_12,distrito_loc_17,distrito_loc_12,are,seccion,casilla,tipo_seccion,pri_pvem,pan_na,prd,pt,mc,otros,total,ln,tamano_md,tamano_gd,region,casilla_ex,rural,ln_total
5065,14,14,22,17,14-52,287,B-C,R,80,61,8,7,83,25,264,450,0,0,2,0,1,450
5621,7,11,18,18,11-25,2018,B-C,R,61,113,51,10,0,49,284,587,1,0,1,0,1,587
704,3,5,3,3,5-9,1689,B-C,U,178,225,12,3,4,7,429,613,1,0,1,0,0,613
2286,4,4,8,8,4-60,871,B-C,U,156,129,22,5,4,4,320,456,0,0,1,0,0,456
4313,8,8,17,14,8-27,2626,B-C,U,121,287,17,8,4,18,455,747,1,0,2,0,0,747
6273,10,13,19,21,13-37,701,B-C,R,110,174,11,6,1,9,311,530,1,0,2,0,1,530
6403,10,10,20,21,10-35,2320,B-C,U,57,198,24,1,2,13,295,522,1,0,2,0,0,522
77,4,1,1,1,1-100,1894,B-C,U,143,175,12,2,0,4,336,465,0,0,1,0,0,465
83,4,1,1,1,1-101,1897,B-C,U,170,241,21,0,0,16,448,619,1,0,1,0,0,619
4324,8,8,17,14,8-20,2630,B-C,R,87,187,14,5,2,12,307,453,1,0,2,0,1,453
4230,8,8,14,14,8-45,2216,B-C,R,103,222,15,5,0,20,365,665,1,0,2,0,1,665
5345,7,11,10,18,11-106,583,B-C,R,213,117,8,15,1,16,370,639,0,0,1,0,1,639
318,1,2,2,2,2-96,749,B-C,R,234,154,36,4,26,24,478,729,1,0,2,0,1,729
2442,9,7,13,8,7-73,2669,B-C,U,216,186,15,5,2,18,442,727,1,0,1,0,0,727
4297,8,8,17,14,8-36,2622,B-C,U,166,266,9,9,3,10,463,677,1,0,2,0,0,677
4615,8,8,17,15,8-12,2910,B-C,U,149,287,16,14,1,18,485,660,1,0,2,0,0,660
182,4,1,1,1,1-81,2386,B-C,U,203,132,14,1,3,9,362,547,1,0,1,0,0,547
1879,6,3,7,7,3-44,1370,B-C,U,154,161,6,1,1,9,332,513,1,0,1,0,0,513
5685,13,13,19,19,13-48,1188,B-C,U,150,171,16,4,5,3,349,570,1,0,2,0,0,570
1495,5,5,6,5,5-42,1826,B-C,U,209,208,9,4,2,12,444,648,1,0,1,0,0,648
155,4,1,1,1,1-85,2375,B-C,U,239,118,12,1,3,23,396,685,1,0,1,0,0,685
1673,11,6,6,6,6-58,1556,B-C,U,174,140,4,4,1,5,328,559,1,0,1,0,0,559
2332,4,4,8,8,4-70,888,B-C,R,64,222,3,5,1,13,308,617,1,0,1,0,1,617
4773,12,12,15,16,12-1,396,B-C,U,188,251,10,3,2,13,467,594,0,0,2,0,0,594
5599,7,11,18,18,11-21,2006,B-C,R,135,125,4,1,0,13,278,543,1,0,1,0,1,543
1276,6,3,4,4,3-86,1504,B-C,M,158,170,0,2,1,15,346,634,1,0,1,0,0,634
143,4,1,1,1,1-62,2368,B-C,R,104,176,8,2,0,19,309,535,1,0,1,0,1,535
4016,8,8,14,13,8-98,2193,S,U,56,80,14,7,3,4,164,0,0,1,2,0,0,164
3368,15,9,12,11,9-69,1088,B-C,U,115,126,2,2,2,6,253,477,0,0,1,0,0,477
5981,10,10,20,20,10-15,1892,B-C,R,83,145,8,0,1,10,247,500,1,0,2,0,1,500
6353,10,10,20,21,10-24,2289,B-C,U,84,173,17,4,2,12,292,503,1,0,2,0,0,503
648,5,5,7,3,5-31,1399,B-C,U,121,168,9,4,2,6,310,431,0,0,1,0,0,431
5224,2,2,17,17,2-58,634,B-C,R,57,178,7,5,3,7,257,413,0,0,2,0,1,413
2888,7,7,10,10,7-12,2052,B-C,R,144,316,2,1,0,0,463,713,1,0,1,0,1,713
4657,8,8,17,15,8-17,2928,B-C,M,97,167,10,7,2,4,287,466,0,0,2,0,0,466
1981,6,3,21,7,3-63,1450,B-C,U,198,281,14,3,2,14,512,738,1,0,1,0,0,738
507,1,1,2,2,1-52,2588,B-C,M,150,106,24,9,6,20,315,543,1,0,2,0,0,543
1173,20,3,21,4,3-69,1392,B-C,NA,166,238,15,2,5,11,437,733,0,1,1,0,0,733
810,5,5,5,3,5-38,1739,B-C,U,186,209,7,2,2,8,414,601,1,0,1,0,0,601
4749,12,12,16,16,12-32,358,B-C,U,180,132,38,7,6,17,380,537,0,0,2,0,0,537
4479,12,13,15,15,13-1,436,B-C,U,128,247,35,2,3,14,429,584,1,0,2,0,0,584
2420,9,7,13,8,7-62,2659,B-C,U,153,138,13,3,4,9,320,589,1,0,1,0,0,589
1997,6,6,7,7,6-55,1518,S,U,34,46,3,2,1,7,93,0,1,0,1,0,0,93
1534,5,5,5,5,5-72,1846,B-C,U,176,210,4,4,1,8,403,607,1,0,1,0,0,607
5998,10,10,20,20,10-62,2790,B-C,U,161,180,19,0,2,12,374,673,1,0,2,0,0,673
1379,5,5,5,5,5-50,1494,B-C,M,236,133,3,1,0,5,378,683,0,1,1,0,0,683
791,5,5,5,3,5-37,1731,B-C,U,164,177,11,2,3,6,363,539,1,0,1,0,0,539
5787,13,13,19,19,13-64,2845,B-C,U,46,159,81,8,2,16,312,652,1,0,2,0,0,652
115,4,1,1,1,1-65,2350,B-C,M,168,212,6,18,2,15,421,644,1,0,1,0,0,644
795,5,5,5,3,5-55,1732,B-C,U,188,159,10,5,2,15,379,652,1,0,1,0,0,652
3196,9,7,13,10,7-95,2731,B-C,R,71,119,13,8,0,16,227,434,0,0,1,0,1,434
511,1,1,2,2,1-53,2590,B-C,R,110,165,17,5,5,36,338,692,1,0,2,0,1,692
3985,8,8,14,13,8-96,2185,B-C,U,190,181,29,6,8,17,431,741,1,0,2,0,0,741
593,1,1,2,2,1-20,2904,B-C,R,132,148,33,1,0,9,323,427,0,0,2,0,1,427
2533,2,2,9,9,2-3,144,B-C,U,126,150,10,5,1,20,312,476,0,0,2,0,0,476
3691,15,9,12,12,9-72,1073,B-C,U,156,197,9,3,3,15,383,582,1,0,1,0,0,582
1936,6,3,7,7,3-58,1410,B-C,U,143,125,4,3,2,7,284,480,0,0,1,0,0,480
1991,6,6,7,7,6-56,1516,B-C,U,156,186,13,4,5,9,373,462,0,0,1,0,0,462
3594,15,9,12,12,9-60,983,B-C,U,113,158,4,0,1,7,283,432,0,0,1,0,0,432
5684,13,13,19,19,13-45,1187,B-C,U,175,185,17,1,3,6,387,570,1,0,2,0,0,570
5438,7,11,18,18,11-40,1921,B-C,U,95,161,1,1,1,7,266,408,0,0,1,0,0,408
721,3,5,3,3,5-13,1696,B-C,U,151,184,7,4,0,13,359,571,1,0,1,0,0,571
6528,14,14,22,22,14-15,86,B-C,U,98,146,59,9,4,14,330,686,1,0,2,0,0,686
4412,12,12,15,15,12-48,377,B-C,U,130,188,16,9,2,7,352,498,0,0,2,0,0,498
2023,11,6,21,7,6-36,1585,B-C,U,190,222,10,2,3,8,435,679,1,0,1,0,0,679
5323,7,11,10,18,11-98,570,B-C,U,124,159,10,6,1,5,305,470,0,0,1,0,0,470
1214,6,3,4,4,3-74,1487,B-C,R,217,127,9,2,0,14,369,680,1,0,1,0,1,680
2384,4,4,8,8,4-84,910,E,R,190,162,13,1,2,21,389,608,1,0,1,1,1,608
5568,7,11,18,18,11-8,1988,B-C,U,118,212,22,3,1,35,391,749,1,0,1,0,0,749
37,1,4,1,1,4-18,782,B-C,R,79,136,4,2,1,13,235,461,0,0,1,0,1,461
5002,14,14,22,17,14-37,251,B-C,U,96,146,18,4,143,10,417,677,1,0,2,0,0,677
3859,13,11,18,13,11-74,24,B-C,U,138,210,23,9,2,18,400,556,1,0,1,0,0,556
916,3,3,3,4,3-2,1272,B-C,U,154,144,2,3,2,7,312,539,1,0,1,0,0,539
2243,4,4,8,8,4-54,850,B-C,U,156,96,8,6,2,5,273,418,0,0,1,0,0,418
3421,15,9,11,11,9-49,1108,B-C,U,136,171,6,1,0,0,314,569,1,0,1,0,0,569
5087,14,14,9,17,14-56,294,B-C,U,154,150,26,5,3,14,352,641,1,0,2,0,0,641
3517,9,4,11,12,4-88,932,B-C,U,168,301,27,1,7,11,515,671,1,0,1,0,0,671
6706,14,14,22,22,14-90,1245,E,R,24,67,8,1,0,7,107,222,0,0,2,1,1,222
5182,2,2,17,17,2-55,614,B-C,U,90,213,7,2,2,10,324,555,1,0,2,0,0,555
1933,6,3,7,7,3-58,1409,B-C,U,168,186,8,3,1,9,375,607,1,0,1,0,0,607
965,3,3,4,4,3-13,1285,B-C,U,215,236,12,2,5,6,476,737,0,1,1,0,0,737
1316,6,6,7,5,6-63,1461,B-C,U,162,155,3,2,4,11,337,464,0,0,1,0,0,464
2686,2,2,9,9,2-48,217,B-C,R,85,139,4,8,3,17,256,483,0,0,2,0,1,483
1930,6,3,7,7,3-57,1407,B-C,U,204,222,12,9,1,15,463,696,0,0,1,0,0,696
5433,7,11,18,18,11-40,1918,B-C,U,124,167,6,2,0,0,299,446,0,0,1,0,0,446
522,1,1,2,2,1-55,2595,B-C,R,109,148,17,12,5,21,312,537,1,0,2,0,1,537
4891,2,12,16,16,12-68,502,B-C,U,74,209,1,0,0,5,289,475,0,0,2,0,0,475
5750,13,13,19,19,13-62,2831,B-C,U,108,221,63,5,8,15,420,730,1,0,2,0,0,730
895,3,5,3,4,5-3,1261,B-C,M,200,132,5,1,4,10,352,611,1,0,1,0,0,611
4753,12,12,16,16,12-30,372,B-C,U,137,169,37,2,7,12,364,557,1,0,2,0,0,557
5597,7,11,18,18,11-16,2005,B-C,R,79,127,16,9,0,26,257,663,1,0,1,0,1,663
3415,15,9,12,11,9-52,1106,B-C,U,169,111,13,2,2,7,304,605,1,0,1,0,0,605
1095,6,3,7,4,3-30,1334,B-C,U,171,131,6,2,3,7,320,593,1,0,1,0,0,593
5864,13,13,19,19,13-89,2874,B-C,R,55,185,90,19,7,15,371,656,1,0,2,0,1,656
548,1,2,2,2,2-88,2778,B-C,M,242,195,58,5,2,26,528,688,1,0,2,0,0,688
5393,13,11,10,18,11-85,725,B-C,U,150,166,78,5,1,22,422,635,1,0,1,0,0,635
627,3,5,3,3,5-1,1269,B-C,M,213,121,7,5,2,7,355,630,1,0,1,0,0,630
4310,8,8,17,14,8-27,2626,B-C,U,131,296,22,4,1,14,468,748,1,0,2,0,0,748
4569,12,12,16,15,12-59,526,B-C,M,217,241,18,2,2,8,488,733,1,0,2,0,0,733
6416,10,10,20,21,10-39,2327,B-C,U,57,138,23,2,0,10,230,513,1,0,2,0,0,513
4127,8,8,14,14,8-65,2121,B-C,U,160,195,14,11,7,18,405,673,1,0,2,0,0,673
2831,7,7,10,10,7-2,2035,B-C,U,145,321,4,0,1,10,481,747,1,0,1,0,0,747
5866,13,13,19,19,13-89,2875,B-C,R,39,191,35,11,8,25,309,452,1,0,2,0,1,452
658,3,5,3,3,5-7,1674,B-C,U,190,220,7,3,2,14,436,660,1,0,1,0,0,660
1275,6,3,4,4,3-76,1503,B-C,R,183,142,2,1,0,25,353,554,0,0,1,0,1,554
81,4,1,1,1,1-101,1896,B-C,M,172,165,19,2,2,6,366,560,1,0,1,0,0,560
92,4,1,1,1,1-103,1902,B-C,M,26,78,5,0,0,4,113,134,0,0,1,0,0,134
5159,14,14,9,17,14-72,328,B-C,M,98,155,10,5,8,14,290,538,1,0,2,0,0,538
4187,8,8,14,14,8-85,2165,B-C,U,206,207,21,19,3,16,472,672,0,0,2,0,0,672
6634,14,14,22,22,14-77,655,E,R,65,42,4,0,0,5,116,178,0,0,2,1,1,178
2828,7,7,10,10,7-3,2034,B-C,U,144,323,5,1,0,14,487,720,1,0,1,0,0,720
2860,7,7,10,10,7-6,2042,B-C,U,116,307,2,2,1,7,435,688,0,1,1,0,0,688
4013,8,8,14,13,8-98,2193,B-C,U,182,184,20,9,7,19,421,702,0,1,2,0,0,702
6409,10,10,20,21,10-36,2324,B-C,M,120,109,16,3,2,12,262,542,1,0,2,0,0,542
5211,2,2,17,17,2-51,628,B-C,R,136,80,2,2,0,13,233,415,0,0,2,0,1,415
6581,14,14,22,22,14-22,115,B-C,R,39,95,84,6,4,27,255,506,1,0,2,0,1,506
3032,7,7,10,10,7-41,2470,B-C,U,115,227,11,0,0,11,364,604,1,0,1,0,0,604
2232,4,4,8,8,4-49,844,B-C,U,148,112,24,14,3,16,317,478,0,0,1,0,0,478
4014,8,8,14,13,8-98,2193,B-C,U,175,181,27,11,6,10,410,702,0,1,2,0,0,702
3930,8,8,14,13,8-68,2133,B-C,U,152,181,22,9,1,7,372,510,1,0,2,0,0,510
5919,10,10,20,20,10-2,1862,B-C,U,167,222,31,5,5,12,442,716,0,0,2,0,0,716
6305,10,10,20,21,10-16,2265,B-C,U,173,212,45,5,5,18,458,682,1,0,2,0,0,682
6492,14,14,22,22,14-6,71,B-C,U,81,167,45,4,5,17,319,613,1,0,2,0,0,613
3788,15,9,12,12,9-17,1167,B-C,M,171,141,6,0,0,15,333,566,1,0,1,0,0,566
4091,8,8,14,13,8-55,2259,B-C,R,51,139,20,1,2,18,231,457,0,0,2,0,1,457
3011,7,7,10,10,7-36,2461,B-C,U,107,169,5,3,0,3,287,406,0,0,1,0,0,406
6044,10,10,20,20,10-71,2805,B-C,U,119,178,2,0,0,20,319,570,1,0,2,0,0,570
3116,7,7,10,10,7-54,2502,B-C,R,140,116,3,0,0,9,268,571,1,0,1,0,1,571
3887,13,11,18,13,11-66,38,B-C,R,125,332,11,2,2,11,483,705,1,0,1,0,1,705
374,2,2,2,2,2-72,2526,B-C,R,137,105,8,8,7,19,284,473,0,0,2,0,1,473
1850,11,6,6,6,6-50,1672,B-C,U,199,166,4,2,3,13,387,684,1,0,1,0,0,684
3763,9,4,11,12,4-104,1140,E,R,95,151,1,3,3,15,268,447,1,0,1,1,1,447
1578,5,5,5,5,5-80,3012,B-C,U,136,151,2,2,1,7,299,518,1,0,1,0,0,518
166,4,1,1,1,1-87,2380,B-C,U,191,139,21,4,5,19,379,630,1,0,1,0,0,630
1510,5,5,5,5,5-74,1833,B-C,U,156,126,6,3,2,11,304,562,1,0,1,0,0,562
1426,5,5,7,5,5-59,1792,B-C,U,213,197,5,5,1,10,431,690,1,0,1,0,0,690
5443,7,11,18,18,11-44,1923,B-C,U,160,172,6,2,0,19,359,611,1,0,1,0,0,611
3739,9,4,11,12,4-100,1126,B-C,R,278,67,8,4,0,0,357,652,1,0,1,0,1,652
5082,14,14,9,17,14-57,293,B-C,U,129,215,39,5,1,11,400,649,0,0,2,0,0,649
4635,8,8,17,15,8-11,2919,B-C,U,86,190,14,8,5,8,311,426,0,0,2,0,0,426
3390,15,9,11,11,9-48,1099,B-C,U,173,172,8,5,4,10,372,684,0,1,1,0,0,684
3231,15,9,11,11,9-34,957,B-C,U,126,126,9,3,5,9,278,502,1,0,1,0,0,502
3103,7,7,10,10,7-53,2496,B-C,M,200,119,8,3,0,13,343,555,1,0,1,0,0,555
1702,5,6,6,6,6-67,1577,B-C,U,185,150,6,1,0,11,353,569,1,0,1,0,0,569
2345,4,4,8,8,4-76,895,B-C,R,143,134,15,1,0,0,293,514,1,0,1,0,1,514
3059,7,7,10,10,7-44,2477,B-C,U,115,266,7,1,1,5,395,702,0,1,1,0,0,702
6349,10,10,20,21,10-24,2288,B-C,U,87,160,13,2,2,23,287,534,1,0,2,0,0,534
2806,1,4,8,9,4-36,811,B-C,R,123,137,4,3,2,32,301,524,1,0,1,0,1,524
6627,14,14,22,22,14-74,652,B-C,U,92,151,44,11,2,18,318,453,0,0,2,0,0,453
6031,10,10,20,20,10-68,2800,B-C,U,190,211,15,4,0,18,438,748,1,0,2,0,0,748
1827,11,6,6,6,6-14,1651,B-C,M,195,188,10,5,0,10,408,706,1,0,1,0,0,706
6028,10,10,20,20,10-68,2799,B-C,U,140,172,16,4,4,16,352,599,1,0,2,0,0,599
2662,2,2,9,9,2-38,202,B-C,R,157,97,4,1,0,5,264,502,1,0,2,0,1,502
6710,14,14,22,22,14-95,1249,B-C,R,63,152,37,1,1,22,276,572,0,0,2,0,1,572
6412,10,10,20,21,10-36,2325,B-C,U,140,100,11,0,1,13,265,460,0,0,2,0,0,460
4121,8,8,14,14,8-79,2118,B-C,U,113,136,12,12,4,10,287,383,0,0,2,0,0,383
4704,12,12,16,16,12-25,341,B-C,U,143,169,22,6,3,8,351,661,1,0,2,0,0,661
2374,4,4,8,8,4-83,907,B-C,R,163,159,4,1,1,0,328,606,1,0,1,0,1,606
398,2,2,2,2,2-86,2536,B-C,R,220,114,37,2,1,20,394,616,1,0,2,0,1,616
5457,7,11,18,18,11-39,1929,B-C,U,224,222,14,0,1,11,472,673,1,0,1,0,0,673
168,4,1,1,1,1-84,2381,B-C,U,74,136,7,12,0,3,232,450,0,0,1,0,0,450
5165,14,14,9,17,14-73,330,B-C,U,81,210,9,2,4,21,327,637,1,0,2,0,0,637
3709,15,9,12,12,9-26,1110,B-C,U,177,237,15,4,7,0,440,723,0,1,1,0,0,723
4205,8,8,14,14,8-40,2202,B-C,U,141,145,23,5,1,16,331,482,0,0,2,0,0,482
3641,15,4,12,12,4-95,1028,B-C,U,216,142,11,1,3,10,383,681,1,0,1,0,0,681
91,4,1,1,1,1-99,1901,E,R,83,125,2,0,0,3,213,285,1,0,1,1,1,285
1148,3,3,7,4,3-36,1361,B-C,U,142,212,12,6,5,12,389,530,1,0,1,0,0,530
6579,14,14,22,22,14-22,115,B-C,R,36,94,99,2,3,29,263,507,1,0,2,0,1,507
4439,12,12,15,15,12-2,407,B-C,U,130,159,13,5,2,15,324,503,1,0,2,0,0,503
250,4,1,1,1,1-83,2422,B-C,R,95,138,23,2,1,30,289,506,1,0,1,0,1,506
4544,12,13,15,15,13-14,492,B-C,U,98,147,11,6,1,10,273,502,1,0,2,0,0,502
3888,13,11,18,13,11-66,38,B-C,R,126,325,12,1,3,17,484,704,1,0,1,0,1,704
6582,14,14,22,22,14-28,116,B-C,R,44,145,70,3,3,27,292,501,1,0,2,0,1,501
3199,9,9,11,11,9-28,929,B-C,U,140,188,10,2,5,9,354,634,1,0,1,0,0,634
5369,7,11,10,18,11-92,602,B-C,R,197,65,12,6,0,11,291,625,0,0,1,0,1,625
2089,11,6,21,7,6-37,1635,B-C,U,203,233,24,5,2,12,479,712,1,0,1,0,0,712
1425,5,5,7,5,5-59,1792,B-C,U,235,182,15,4,7,16,459,690,1,0,1,0,0,690
2716,2,2,9,9,2-46,236,B-C,R,49,190,8,4,1,11,263,462,0,0,2,0,1,462
5941,10,10,20,20,10-7,1873,B-C,U,56,164,25,6,2,66,319,664,1,0,2,0,0,664
3574,15,9,11,12,9-40,977,B-C,U,144,118,5,0,1,12,280,479,0,0,1,0,0,479
1392,5,6,6,5,6-11,1511,B-C,R,128,168,8,0,0,13,317,568,1,0,1,0,1,568
6718,14,14,22,22,14-96,1255,B-C,M,86,105,32,0,2,17,242,431,0,0,2,0,0,431
4216,8,8,14,14,8-41,2207,B-C,R,158,159,16,3,1,22,359,533,1,0,2,0,1,533
1525,5,5,5,5,5-69,1841,B-C,U,198,170,4,6,2,11,391,673,1,0,1,0,0,673
6087,10,10,20,20,10-80,2956,B-C,U,112,223,23,47,5,21,431,678,1,0,2,0,0,678
5151,14,14,9,17,14-69,324,B-C,M,117,142,18,9,2,12,300,588,1,0,2,0,0,588
756,3,5,3,3,5-22,1713,B-C,U,188,184,5,1,4,7,389,484,0,0,1,0,0,484
3508,9,9,11,12,9-24,930,B-C,U,195,158,14,1,2,0,370,693,1,0,1,0,0,693
4689,12,12,16,16,12-31,338,B-C,U,164,196,7,4,0,11,382,616,1,0,2,0,0,616
6058,10,10,20,20,10-73,2809,B-C,U,125,183,18,9,4,14,353,666,1,0,2,0,0,666
5679,13,13,19,19,13-46,1185,B-C,U,153,207,24,2,4,5,395,567,1,0,2,0,0,567
4727,12,12,16,16,12-32,350,B-C,U,153,159,14,6,4,16,352,602,1,0,2,0,0,602
1456,5,5,7,5,5-43,1805,B-C,U,133,158,3,0,4,9,307,415,0,0,1,0,0,415
6020,10,10,20,20,10-64,2796,B-C,U,159,184,11,2,2,9,367,518,1,0,2,0,0,518
3783,15,4,12,12,4-109,1159,B-C,R,156,245,5,4,2,9,421,663,1,0,1,0,1,663
1873,6,3,7,7,3-40,1368,B-C,U,155,110,8,3,2,8,286,452,0,0,1,0,0,452
6210,10,13,19,21,13-26,676,B-C,U,157,204,26,4,3,9,403,668,1,0,2,0,0,668
3250,15,9,11,11,9-43,973,B-C,U,208,168,13,4,1,8,402,744,1,0,1,0,0,744
3060,7,7,10,10,7-45,2477,B-C,U,145,244,7,3,2,6,407,702,0,1,1,0,0,702
4834,12,12,15,16,12-12,456,B-C,U,169,274,32,9,11,9,504,711,1,0,2,0,0,711
4491,12,13,15,15,13-4,450,B-C,U,198,269,18,19,3,17,524,690,1,0,2,0,0,690
2785,1,4,8,9,4-30,802,B-C,M,141,153,8,5,2,13,322,531,1,0,1,0,0,531
2905,13,7,13,10,7-19,2062,B-C,U,175,159,54,4,1,11,404,594,1,0,1,0,0,594
1292,6,3,4,4,3-90,1510,B-C,R,300,131,11,2,0,11,455,714,1,0,1,0,1,714
2077,11,6,21,7,6-35,1634,B-C,U,188,239,9,3,3,5,447,749,0,1,1,0,0,749
4077,8,8,14,13,8-56,2251,B-C,R,94,190,26,6,2,21,339,686,1,0,2,0,1,686
5167,2,2,17,17,2-49,609,B-C,U,79,229,16,2,9,9,344,579,1,0,2,0,0,579
5397,13,11,10,18,11-84,726,B-C,U,136,114,64,1,0,16,331,546,1,0,1,0,0,546
2266,4,4,8,8,4-58,861,B-C,U,169,114,17,5,7,5,317,487,0,0,1,0,0,487
5031,14,14,22,17,14-44,265,B-C,U,101,127,67,5,122,24,446,606,1,0,2,0,0,606
2838,7,7,10,10,7-1,2036,B-C,U,98,248,5,3,1,6,361,666,0,1,1,0,0,666
1964,6,3,7,7,3-61,1434,B-C,U,159,143,9,2,0,18,331,498,0,0,1,0,0,498
2725,1,4,1,9,4-7,760,B-C,U,198,188,23,2,8,17,436,717,1,0,1,0,0,717
708,3,5,3,3,5-12,1691,B-C,U,210,245,5,3,3,11,477,726,1,0,1,0,0,726
3664,15,9,12,12,9-75,1057,B-C,U,172,149,6,1,2,14,344,620,1,0,1,0,0,620
1524,5,5,5,5,5-69,1840,B-C,U,163,215,8,4,0,20,410,640,1,0,1,0,0,640
5847,13,13,19,19,13-80,2868,B-C,R,71,169,80,4,0,26,350,560,1,0,2,0,1,560
6425,10,10,20,21,10-40,2331,B-C,U,73,207,16,1,1,12,310,515,1,0,2,0,0,515
1489,5,5,5,5,5-77,1823,B-C,U,179,207,3,1,2,9,401,650,1,0,1,0,0,650
316,1,2,2,2,2-95,748,B-C,R,181,199,4,0,18,20,422,584,1,0,2,0,1,584
1779,11,6,21,6,6-45,1614,B-C,U,199,248,14,2,2,12,477,726,0,1,1,0,0,726
3571,15,9,11,12,9-38,971,B-C,U,111,143,12,1,1,10,278,447,0,0,1,0,0,447
2052,6,6,4,7,6-28,1632,B-C,NA,192,230,10,4,4,4,444,743,0,1,1,0,0,743
1338,3,5,3,5,5-86,1477,B-C,M,191,181,10,5,2,8,397,734,0,1,1,0,0,734
4049,8,8,14,13,8-53,2238,B-C,R,89,180,4,1,2,15,291,506,1,0,2,0,1,506
4606,8,8,17,15,8-14,2907,B-C,U,126,267,17,20,2,11,443,647,1,0,2,0,0,647
5101,14,14,9,17,14-61,301,B-C,R,114,99,3,2,2,6,226,378,1,0,2,0,1,378
4418,12,12,15,15,12-47,380,B-C,U,110,110,22,2,5,8,257,414,0,0,2,0,0,414
875,5,5,5,3,5-65,1769,B-C,U,199,194,13,1,3,12,422,685,1,0,1,0,0,685
6313,10,10,20,21,10-18,2269,B-C,U,99,159,18,5,3,16,300,489,0,0,2,0,0,489
5882,13,13,19,19,13-85,2879,E,R,52,141,73,5,1,24,296,614,1,0,2,1,1,614
1216,6,3,4,4,3-74,1487,B-C,R,221,130,4,3,1,17,376,679,1,0,1,0,1,679
1287,6,3,4,4,3-88,1509,B-C,R,223,150,4,2,1,10,390,718,1,0,1,0,1,718
1533,5,6,6,5,6-79,1845,B-C,U,197,149,6,3,3,5,363,553,1,0,1,0,0,553
2120,11,6,21,7,6-23,1643,B-C,U,170,145,4,2,2,17,340,695,0,1,1,0,0,695
516,1,1,2,2,1-37,2592,B-C,M,147,137,22,7,4,15,332,564,1,0,2,0,0,564
4331,8,8,17,14,8-32,2633,B-C,M,85,228,50,3,0,14,380,639,1,0,2,0,0,639
6575,14,14,22,22,14-24,113,B-C,R,149,172,55,8,2,32,418,704,0,0,2,0,1,704
6224,10,13,19,21,13-29,682,B-C,U,179,204,22,2,2,14,423,657,1,0,2,0,0,657
3599,15,9,12,12,9-42,989,B-C,U,112,167,9,1,2,10,301,418,0,0,1,0,0,418
826,5,5,7,3,5-36,1746,B-C,U,151,156,7,1,2,8,325,475,0,0,1,0,0,475
3323,15,9,12,11,9-73,1055,B-C,U,123,143,6,1,1,13,287,435,0,0,1,0,0,435
5077,14,14,9,17,14-55,291,B-C,U,122,196,20,7,3,8,356,528,1,0,2,0,0,528
4732,12,12,16,16,12-28,352,B-C,U,141,162,14,8,2,16,343,634,1,0,2,0,0,634
3689,15,9,12,12,9-79,1072,B-C,U,169,150,9,3,2,12,345,575,1,0,1,0,0,575
6458,14,14,22,22,14-2,53,B-C,U,98,132,37,2,3,0,272,429,0,0,2,0,0,429
1509,5,5,5,5,5-74,1833,B-C,U,168,118,8,5,2,23,324,562,1,0,1,0,0,562
2525,2,2,9,9,2-1,141,B-C,M,149,131,7,6,0,25,318,632,1,0,2,0,0,632
3990,8,8,14,13,8-100,2186,B-C,U,157,201,17,9,9,15,408,653,1,0,2,0,0,653
4221,8,8,14,14,8-43,2210,B-C,R,84,166,13,7,2,22,294,500,0,0,2,0,1,500
4805,12,12,16,16,12-17,426,B-C,U,113,131,11,1,1,6,263,468,0,0,2,0,0,468
5975,10,10,20,20,10-13,1889,B-C,R,47,81,15,2,0,8,153,412,0,0,2,0,1,412
5557,7,11,18,18,11-18,1983,B-C,R,129,96,2,2,0,12,241,511,1,0,1,0,1,511
5926,10,10,20,20,10-3,1866,B-C,U,76,151,21,4,7,5,264,403,0,0,2,0,0,403
2165,11,6,6,7,6-6,1659,B-C,R,177,148,11,0,0,0,336,551,1,0,1,0,1,551
1537,5,5,5,5,5-72,1846,B-C,U,150,183,14,1,3,24,375,606,1,0,1,0,0,606
527,1,1,2,2,1-57,2598,B-C,R,177,177,23,8,3,15,403,675,1,0,2,0,1,675
5601,7,11,18,18,11-17,2007,B-C,R,41,125,4,2,1,0,173,544,1,0,1,0,1,544
889,5,5,5,3,5-61,1775,B-C,U,142,185,7,5,1,16,356,600,1,0,1,0,0,600
1266,3,3,4,4,3-85,1500,B-C,NA,169,154,7,0,3,18,351,721,0,1,1,0,0,721
1847,11,6,6,6,6-9,1665,B-C,R,200,130,7,1,3,10,351,614,1,0,1,0,1,614
5308,14,10,15,17,10-59,2772,B-C,R,142,217,27,2,7,17,412,689,0,0,2,0,1,689
4941,12,12,15,16,12-77,539,B-C,R,82,228,7,1,0,11,329,504,1,0,2,0,1,504
6705,14,14,22,22,14-90,1245,B-C,R,21,45,9,1,0,12,88,204,0,0,2,0,1,204
2652,2,2,9,9,2-28,197,B-C,R,122,202,17,6,1,20,368,693,1,0,2,0,1,693
4275,8,8,17,14,8-21,2612,B-C,U,139,234,10,2,2,8,395,635,1,0,2,0,0,635
4814,12,12,15,16,12-7,441,B-C,U,177,196,22,6,8,15,424,623,0,0,2,0,0,623
4469,12,12,15,15,12-3,418,B-C,U,213,210,27,2,8,15,475,736,0,0,2,0,0,736
88,4,1,1,1,1-97,1900,B-C,R,122,86,22,1,0,8,239,368,0,0,1,0,1,368
736,3,5,3,3,5-17,1702,B-C,U,257,253,5,1,0,20,536,714,1,0,1,0,0,714
2543,2,2,9,9,2-8,147,B-C,U,157,140,14,6,131,20,468,527,1,0,2,0,0,527
3099,7,7,10,10,7-52,2494,B-C,R,175,65,6,0,1,25,272,510,1,0,1,0,1,510
3586,9,4,12,12,4-92,980,B-C,U,196,131,9,2,1,13,352,744,0,1,1,0,0,744
961,3,3,4,4,3-17,1284,B-C,U,181,178,16,4,2,1,382,670,0,1,1,0,0,670
5890,13,13,19,19,13-94,2882,B-C,U,60,206,83,2,0,12,363,523,1,0,2,0,0,523
3299,15,9,11,11,9-45,1037,B-C,U,142,144,7,2,0,13,308,541,1,0,1,0,0,541
4311,8,8,17,14,8-27,2626,B-C,U,133,276,21,4,3,15,452,748,1,0,2,0,0,748
1988,6,3,21,7,3-65,1453,B-C,U,200,224,18,4,2,9,457,699,1,0,1,0,0,699
5020,14,14,22,17,14-42,259,B-C,U,80,88,5,13,151,14,351,608,1,0,2,0,0,608
6014,10,10,20,20,10-65,2793,B-C,U,147,239,15,6,2,14,423,681,1,0,2,0,0,681
3029,7,7,10,10,7-40,2469,B-C,U,151,203,4,1,1,13,373,641,1,0,1,0,0,641
3466,9,9,11,11,9-13,1154,B-C,U,248,97,9,3,1,21,379,618,1,0,1,0,0,618
2249,4,4,8,8,4-52,853,B-C,U,196,82,18,6,6,12,320,679,1,0,1,0,0,679
3397,15,9,11,11,9-49,1099,B-C,U,160,184,14,4,2,16,380,684,0,1,1,0,0,684
3465,9,9,11,11,9-13,1154,B-C,U,237,126,18,6,1,9,397,618,1,0,1,0,0,618
3817,13,11,18,13,11-61,6,B-C,U,156,216,7,3,0,13,395,582,1,0,1,0,0,582
5272,14,10,15,17,10-52,2749,B-C,U,91,231,45,2,6,20,395,599,1,0,2,0,0,599
5422,7,11,18,18,11-43,1913,B-C,U,163,191,13,3,2,15,387,644,1,0,1,0,0,644
4767,12,12,16,16,12-4,390,B-C,U,138,173,22,6,3,13,355,512,1,0,2,0,0,512
4467,12,12,15,15,12-8,416,B-C,U,158,172,15,8,5,14,372,568,1,0,2,0,0,568
990,3,3,3,4,3-16,1295,B-C,U,193,166,4,7,2,10,382,597,1,0,1,0,0,597
6188,10,13,19,21,13-21,666,B-C,U,125,140,34,7,2,6,314,525,1,0,2,0,0,525
200,4,1,1,1,1-70,2394,B-C,R,146,140,3,1,0,5,295,479,0,0,1,0,1,479
5611,7,11,18,18,11-27,2013,B-C,R,123,69,2,3,0,11,208,446,0,0,1,0,1,446
836,5,5,5,3,5-64,1750,B-C,U,146,142,3,4,2,7,304,542,1,0,1,0,0,542
4987,14,14,22,17,14-36,245,B-C,U,138,211,17,4,63,9,442,645,1,0,2,0,0,645
1591,5,5,5,5,5-80,3017,B-C,U,143,133,10,4,3,6,299,455,0,0,1,0,0,455
786,5,5,7,3,5-28,1729,B-C,U,150,141,7,2,3,9,312,445,0,0,1,0,0,445
2069,11,6,21,7,6-27,1633,B-C,U,210,183,11,5,2,10,421,704,1,0,1,0,0,704
3405,15,9,12,11,9-53,1103,B-C,U,182,136,10,4,1,7,340,668,1,0,1,0,0,668
6077,10,10,20,20,10-78,2951,B-C,U,111,155,15,12,4,11,308,450,0,0,2,0,0,450
3984,8,8,14,13,8-92,2184,B-C,U,165,173,29,13,5,15,400,647,1,0,2,0,0,647
2203,4,4,8,8,4-43,828,B-C,U,162,133,32,11,3,14,355,598,1,0,1,0,0,598
3161,9,7,13,10,7-86,2709,B-C,U,95,87,13,4,8,10,217,617,1,0,1,0,0,617
3605,15,9,12,12,9-57,992,B-C,U,98,157,5,1,2,4,267,415,0,0,1,0,0,415
6080,10,10,20,20,10-77,2953,B-C,M,119,164,14,20,2,12,331,568,0,0,2,0,0,568
6520,14,14,22,22,14-12,83,B-C,U,92,143,61,7,2,24,329,723,1,0,2,0,0,723
962,3,3,4,4,3-17,1284,B-C,U,189,170,7,5,2,14,387,669,0,1,1,0,0,669
4332,8,8,17,14,8-32,2633,B-C,M,110,206,67,4,0,15,402,639,1,0,2,0,0,639
4761,12,12,16,16,12-30,376,B-C,U,161,249,38,11,10,11,480,687,1,0,2,0,0,687
2889,7,7,10,10,7-14,2053,B-C,R,119,221,0,1,0,9,350,582,1,0,1,0,1,582
757,3,5,3,3,5-22,1713,B-C,U,170,189,7,2,5,10,383,484,0,0,1,0,0,484
4233,8,8,14,14,8-46,2217,B-C,R,105,193,6,7,2,12,325,569,1,0,2,0,1,569
3310,15,9,12,11,9-66,1041,B-C,U,123,184,15,5,2,9,338,567,1,0,1,0,0,567
1280,6,3,4,4,3-87,1505,B-C,U,165,105,5,0,1,6,282,549,1,0,1,0,0,549
3537,9,4,11,12,4-89,951,B-C,U,159,239,20,10,5,15,448,628,1,0,1,0,0,628
3127,9,7,13,10,7-66,2676,B-C,U,158,196,8,3,0,14,379,621,1,0,1,0,0,621
339,2,2,2,2,2-69,2509,B-C,U,133,101,41,4,0,12,291,431,0,0,2,0,0,431
5539,7,11,18,18,11-11,1974,B-C,M,109,121,28,7,0,15,280,606,1,0,1,0,0,606
4148,8,8,14,14,8-75,2136,B-C,U,159,157,8,12,4,9,349,549,1,0,2,0,0,549
2729,1,4,1,9,4-7,760,B-C,U,209,202,8,3,6,18,446,717,1,0,1,0,0,717
4511,12,13,15,15,13-6,477,B-C,U,127,193,14,3,4,6,347,597,1,0,2,0,0,597
6723,14,14,22,22,14-97,1258,B-C,R,226,135,37,1,2,12,413,737,0,0,2,0,1,737
251,4,1,1,1,1-83,2422,B-C,R,130,112,10,4,2,15,273,506,1,0,1,0,1,506
1201,3,3,3,4,3-71,1480,B-C,R,211,149,2,3,0,14,379,551,1,0,1,0,1,551
5553,7,11,18,18,11-7,1982,B-C,R,80,204,17,13,1,20,335,723,1,0,1,0,1,723
1639,11,6,6,6,6-59,1535,B-C,U,134,165,12,1,1,6,319,437,0,0,1,0,0,437
5006,14,14,22,17,14-47,252,B-C,M,89,129,6,3,136,20,383,651,1,0,2,0,0,651
2835,7,7,10,10,7-1,2036,B-C,U,106,274,6,4,5,0,395,666,0,1,1,0,0,666
3510,9,9,11,12,9-24,930,B-C,U,178,140,13,2,3,14,350,692,1,0,1,0,0,692
5351,7,11,10,18,11-100,588,B-C,R,65,47,1,4,1,4,122,205,0,0,1,0,1,205
6377,10,10,20,21,10-29,2305,B-C,R,84,169,24,3,1,22,303,488,0,0,2,0,1,488
1062,3,3,7,4,3-27,1321,B-C,U,138,119,5,2,0,14,278,530,1,0,1,0,0,530
2899,13,7,13,10,7-15,2059,B-C,U,139,125,54,1,6,11,336,533,1,0,1,0,0,533
351,2,2,2,2,2-84,2514,B-C,U,184,145,89,11,4,7,440,663,1,0,2,0,0,663
4410,12,12,16,15,12-33,371,B-C,U,165,195,15,4,6,11,396,729,1,0,2,0,0,729
2473,9,7,13,8,7-77,2690,B-C,R,260,83,8,8,1,6,366,675,1,0,1,0,1,675
5604,7,11,18,18,11-23,2009,B-C,R,168,108,10,3,0,18,307,707,1,0,1,0,1,707
3373,15,9,12,11,9-56,1090,B-C,U,158,85,13,3,1,10,270,495,0,0,1,0,0,495
4222,8,8,14,14,8-43,2210,B-C,R,95,166,11,5,0,22,299,499,0,0,2,0,1,499
5441,7,11,18,18,11-44,1922,B-C,U,169,148,9,1,0,14,341,528,1,0,1,0,0,528
5796,13,13,19,19,13-71,2848,B-C,R,43,79,113,4,2,21,262,514,1,0,2,0,1,514
1497,5,5,5,5,5-71,1827,B-C,U,189,222,22,6,6,17,462,641,1,0,1,0,0,641
2679,2,2,9,9,2-39,213,B-C,R,65,122,5,5,5,12,214,488,0,0,2,0,1,488
314,1,2,2,2,2-98,747,B-C,R,185,189,21,2,21,31,449,595,1,0,2,0,1,595
5875,13,13,19,19,13-84,2877,B-C,R,64,164,70,1,3,19,321,531,1,0,2,0,1,531
2601,2,2,9,9,2-11,172,B-C,U,202,186,10,5,2,20,425,653,1,0,2,0,0,653
3317,15,9,12,11,9-66,1052,B-C,U,224,213,7,3,2,13,462,695,1,0,1,0,0,695
267,4,1,1,1,1-82,2431,B-C,R,93,104,5,2,0,15,219,385,0,0,1,0,1,385
603,1,1,2,2,1-10,2938,B-C,R,135,91,0,0,0,5,231,282,0,0,2,0,1,282
5310,14,10,15,17,10-61,2773,B-C,R,119,95,56,4,1,20,295,461,0,0,2,0,1,461
1972,6,3,21,7,3-64,1438,B-C,U,125,182,5,2,1,11,326,518,1,0,1,0,0,518
5785,13,13,19,19,13-69,2844,B-C,U,29,181,101,7,6,11,335,588,1,0,2,0,0,588
376,2,2,2,2,2-78,2527,B-C,R,137,129,32,7,6,27,338,609,1,0,2,0,1,609
2161,6,6,4,7,6-5,1654,B-C,U,149,195,8,1,2,8,363,539,1,0,1,0,0,539
4781,12,12,16,16,12-20,401,B-C,U,163,185,25,7,7,9,396,665,1,0,2,0,0,665
6317,10,10,20,21,10-23,2272,B-C,U,85,151,14,10,3,8,271,494,0,0,2,0,0,494
2475,9,7,13,8,7-77,2690,B-C,R,232,70,8,9,1,8,328,674,1,0,1,0,1,674
5124,14,14,9,17,14-67,311,B-C,R,335,112,4,2,0,12,465,720,1,0,2,0,1,720
1383,5,6,6,5,6-86,1501,B-C,U,194,142,6,3,1,13,359,722,1,0,1,0,0,722
6202,10,13,19,21,13-24,672,B-C,U,132,181,17,0,0,9,339,519,1,0,2,0,0,519
1544,5,6,6,5,6-80,1849,B-C,U,172,177,4,1,2,16,372,588,1,0,1,0,0,588
375,2,2,2,2,2-72,2526,B-C,R,137,101,10,4,3,11,266,473,0,0,2,0,1,473
4201,8,8,14,14,8-37,2200,B-C,R,36,173,6,3,1,17,236,484,0,0,2,0,1,484
1784,11,6,21,6,6-48,1615,B-C,U,152,136,10,2,1,5,306,450,0,0,1,0,0,450
5667,13,13,19,19,13-44,1178,B-C,M,164,205,18,2,2,13,404,553,1,0,2,0,0,553
5984,10,10,20,20,10-15,1893,B-C,R,78,90,39,4,2,22,235,489,0,0,2,0,1,489
5691,13,13,19,19,13-49,1191,B-C,R,226,207,7,2,2,13,457,678,1,0,2,0,1,678
1450,5,5,7,5,5-60,1802,B-C,U,210,212,7,4,1,4,438,624,1,0,1,0,0,624
1002,6,3,4,4,3-20,1298,B-C,U,199,173,16,4,1,15,408,744,1,0,1,0,0,744
6235,10,13,19,21,13-28,686,B-C,U,157,227,13,4,3,12,416,622,1,0,2,0,0,622
462,1,1,2,2,1-47,2561,B-C,U,130,137,24,9,7,19,326,578,1,0,2,0,0,578
6178,10,10,20,20,10-14,3005,B-C,R,59,111,5,6,0,14,195,434,0,0,2,0,1,434
5586,7,11,18,18,11-30,1998,B-C,R,218,87,6,3,1,13,328,594,1,0,1,0,1,594
4712,12,12,16,16,12-22,343,B-C,U,159,193,25,11,4,17,409,746,0,1,2,0,0,746
1527,5,6,6,5,6-79,1842,B-C,U,220,193,8,4,1,11,437,686,1,0,1,0,0,686
1929,6,3,7,7,3-56,1406,B-C,U,151,147,3,1,1,12,315,454,0,0,1,0,0,454
2978,13,7,13,10,7-27,2108,B-C,R,41,110,63,2,10,26,252,662,0,0,1,0,1,662
2795,1,4,1,9,4-26,807,E,R,61,123,2,4,6,8,204,379,1,0,1,1,1,379
919,3,3,3,4,3-4,1273,B-C,U,175,122,5,1,4,5,312,575,1,0,1,0,0,575
2479,9,7,13,8,7-76,2692,B-C,R,124,176,28,3,1,10,342,642,1,0,1,0,1,642
3899,13,11,18,13,11-59,44,B-C,R,50,143,4,1,0,14,212,381,0,0,1,0,1,381
5617,7,11,18,18,11-28,2016,B-C,U,147,76,16,13,1,14,267,446,0,0,1,0,0,446
5309,14,10,15,17,10-61,2773,B-C,R,124,89,59,3,1,19,295,462,0,0,2,0,1,462
6568,14,14,22,22,14-23,108,B-C,M,44,69,24,0,3,14,154,454,0,0,2,0,0,454
4647,8,8,17,15,8-8,2923,B-C,U,109,203,9,3,4,16,344,554,1,0,2,0,0,554
5312,14,10,15,17,10-60,2774,B-C,U,67,115,8,0,3,11,204,377,0,0,2,0,0,377
3261,15,9,11,11,9-27,987,B-C,U,205,215,9,6,6,6,447,709,1,0,1,0,0,709
1688,11,6,6,6,6-54,1568,B-C,U,155,144,6,2,0,6,313,468,0,0,1,0,0,468
492,1,1,2,2,1-53,2583,B-C,R,84,161,16,4,3,13,281,539,1,0,2,0,1,539
2396,4,4,8,8,4-64,915,B-C,U,151,179,37,7,3,16,393,636,1,0,1,0,0,636
2493,9,7,13,8,7-79,2699,B-C,R,69,82,35,0,0,15,201,381,1,0,1,0,1,381
5412,13,11,10,18,11-83,737,B-C,R,129,121,42,14,3,25,334,529,0,0,1,0,1,529
4917,2,12,16,16,12-73,518,B-C,U,191,161,51,7,4,15,429,745,1,0,2,0,0,745
5141,14,14,9,17,14-69,320,B-C,R,158,202,18,3,5,16,402,620,1,0,2,0,1,620
6733,14,14,22,22,14-101,2736,B-C,M,140,164,7,1,2,8,322,514,1,0,2,0,0,514
5421,7,11,18,18,11-43,1913,B-C,U,176,190,3,7,1,13,390,645,1,0,1,0,0,645
2628,2,2,9,9,2-30,183,B-C,R,124,121,4,1,0,21,271,564,1,0,2,0,1,564
368,2,2,2,2,2-76,2523,B-C,R,119,165,17,5,1,10,317,567,1,0,2,0,1,567
3766,9,4,11,12,4-100,1141,B-C,R,149,116,21,4,3,24,317,506,1,0,1,0,1,506
1140,3,3,7,4,3-35,1355,B-C,U,124,221,19,3,3,8,378,592,1,0,1,0,0,592
1132,3,3,7,4,3-36,1351,B-C,U,194,209,14,2,5,6,430,647,1,0,1,0,0,647
1195,6,3,4,4,3-75,1474,B-C,R,97,109,3,1,1,9,220,387,0,0,1,0,1,387
2954,13,7,13,10,7-23,2090,B-C,R,100,75,11,1,0,3,190,270,0,0,1,0,1,270
2974,13,7,13,10,7-28,2105,B-C,R,96,44,77,3,1,13,234,411,0,0,1,0,1,411
883,5,5,7,3,5-35,1772,B-C,U,116,134,7,2,1,9,269,416,0,0,1,0,0,416
4437,12,12,15,15,12-8,393,B-C,U,128,214,21,6,1,11,381,510,1,0,2,0,0,510
4787,12,12,16,16,12-18,402,B-C,U,156,169,17,4,3,11,360,666,1,0,2,0,0,666
5989,10,10,20,20,10-47,2647,B-C,U,147,177,2,2,2,7,337,444,0,0,2,0,0,444
1617,5,5,5,5,5-83,3030,B-C,U,163,101,8,0,0,4,276,490,0,0,1,0,0,490
4534,12,13,15,15,13-12,487,B-C,U,158,136,13,5,7,8,327,678,1,0,2,0,0,678
3754,9,4,11,12,4-105,1136,B-C,R,134,265,5,3,1,22,430,662,1,0,1,0,1,662
4203,8,8,14,14,8-38,2201,B-C,R,67,127,7,2,4,11,218,421,0,0,2,0,1,421
762,3,5,7,3,5-21,1716,B-C,U,122,148,10,3,3,8,294,409,0,0,1,0,0,409
2189,11,6,6,7,6-1,1671,B-C,M,172,109,3,2,1,11,298,580,1,0,1,0,0,580
5204,2,2,17,17,2-57,625,B-C,R,32,159,6,5,2,21,225,466,0,0,2,0,1,466
5303,14,10,15,17,10-58,2769,B-C,U,110,121,16,0,2,7,256,464,0,0,2,0,0,464
3707,15,9,12,12,9-80,1109,B-C,U,88,150,7,0,6,11,262,415,0,0,1,0,0,415
1849,11,6,6,6,6-50,1672,B-C,U,174,172,7,2,4,6,365,685,1,0,1,0,0,685
2118,11,6,21,7,6-23,1643,B-C,U,181,165,15,10,1,10,382,695,0,1,1,0,0,695
2287,4,4,8,8,4-60,871,B-C,U,137,125,18,10,3,3,296,456,0,0,1,0,0,456
4703,12,12,16,16,12-25,341,B-C,U,193,133,12,6,0,7,351,662,1,0,2,0,0,662
3712,15,9,12,12,9-26,1110,B-C,U,178,226,18,2,4,9,437,723,0,1,1,0,0,723
3271,15,9,11,11,9-44,1007,B-C,U,150,146,18,3,1,13,331,538,1,0,1,0,0,538
2955,13,7,13,10,7-25,2091,B-C,R,75,24,12,0,1,2,114,233,0,0,1,0,1,233
4829,12,12,15,16,12-9,453,B-C,U,135,126,18,6,1,10,296,503,1,0,2,0,0,503
2263,4,4,8,8,4-57,858,B-C,U,150,76,14,7,1,9,257,437,0,0,1,0,0,437
582,1,1,2,2,1-26,2899,B-C,R,139,91,12,0,0,9,251,376,1,0,2,0,1,376
1872,6,3,7,7,3-41,1366,B-C,U,155,194,4,1,2,10,366,585,1,0,1,0,0,585
4098,8,8,14,13,8-52,2262,B-C,R,101,121,3,5,2,11,243,472,0,0,2,0,1,472
1783,11,6,21,6,6-46,1614,B-C,U,200,223,22,4,3,12,464,725,0,1,1,0,0,725
